Year,WSBM
2010,-2872.8311262152206
2011,-2917.0165032489513
2012,-2823.189016989061
2013,-2763.5604913901234
2014,-2775.514272375775
2015,-2653.519652804307
2016,-2751.9625301394685
